MinTemp,MaxTemp,Rainfall,Evaporation,Sunshine,WindGustSpeed,WindSpeed9am,WindSpeed3pm,Humidity9am,Humidity3pm,Pressure9am,Pressure3pm,Cloud9am,Cloud3pm,Temp9am,Temp3pm,WindGustDir,WindDir9am,WindDir3pm,RainToday,batchid,type
9.0,9.0,145.0,100.0,100.0,48.1,33.9,1039.6,1041.0,,371.0,14.5,46.7,40.2,,,,135.0,87.0,130.0,1744329500.027383,max
0.0,0.0,0.0,0.0,0.0,-4.8,-8.5,977.1,980.5,,0.0,0.0,-5.4,-7.2,,,,6.0,0.0,0.0,1744329500.027383,min
2.0,1.0,2.6,37.0,57.0,17.9,7.6,1010.4,1012.9,,0.0,4.8,16.6,12.3,,,,31.0,13.0,7.0,1744329500.027383,q3
7.0,7.0,7.4,66.0,83.0,28.2,16.9,1020.0,1022.4,,0.8,10.6,26.4,21.6,,,,48.0,24.0,19.0,1744329500.027383,q1
59358.0,55888.0,62790.0,4507.0,2654.0,1261.0,1485.0,15028.0,15065.0,3261.0,3261.0,69835.0,3609.0,1767.0,4228.0,10566.0,10326.0,10263.0,3062.0,1767.0,1744329500.027383,na
0.40807094733947474,0.3842155919153032,0.43166506256015397,0.0309844630826344,0.018245565791282826,0.008669049910628352,0.010208992162793895,0.10331362573903478,0.10356799120032999,0.022418534304963565,0.022418534304963565,0.48009762133919975,0.02481094458957789,0.01214766946239516,0.02906641000962464,0.07263852605527293,0.0709885879279527,0.07055547916953114,0.02105046060772721,0.01214766946239516,1744329500.027383,na%
