MinTemp,MaxTemp,Rainfall,Evaporation,Sunshine,WindGustSpeed,WindSpeed9am,WindSpeed3pm,Humidity9am,Humidity3pm,Pressure9am,Pressure3pm,Cloud9am,Cloud3pm,Temp9am,Temp3pm,WindGustDir,WindDir9am,WindDir3pm,RainToday,type
33.9,48.1,371.0,145.0,14.5,135.0,130.0,87.0,100.0,100.0,1041.0,1039.6,9.0,9.0,40.2,46.7,,,,,max
-8.5,-4.8,0.0,0.0,0.0,6.0,0.0,0.0,0.0,0.0,980.5,977.1,0.0,0.0,-7.2,-5.4,,,,,min
7.6,17.9,0.0,2.6,4.8,31.0,7.0,13.0,57.0,37.0,1012.9,1010.4,1.0,2.0,12.3,16.6,,,,,q3
16.9,28.2,0.8,7.4,10.6,48.0,19.0,24.0,83.0,66.0,1022.4,1020.0,7.0,7.0,21.6,26.4,,,,,q1
1485.0,1261.0,3261.0,62790.0,69835.0,10263.0,1767.0,3062.0,2654.0,4507.0,15065.0,15028.0,55888.0,59358.0,1767.0,3609.0,10326.0,10566.0,4228.0,3261.0,na
0.010208992162793895,0.008669049910628352,0.022418534304963565,0.43166506256015397,0.48009762133919975,0.07055547916953114,0.01214766946239516,0.02105046060772721,0.018245565791282826,0.0309844630826344,0.10356799120032999,0.10331362573903478,0.3842155919153032,0.40807094733947474,0.01214766946239516,0.02481094458957789,0.0709885879279527,0.07263852605527293,0.02906641000962464,0.022418534304963565,na%
