MinTemp,MaxTemp,Rainfall,Evaporation,Sunshine,WindGustSpeed,WindSpeed9am,WindSpeed3pm,Humidity9am,Humidity3pm,Pressure9am,Pressure3pm,Cloud9am,Cloud3pm,Temp9am,Temp3pm,WindGustDir,WindDir9am,WindDir3pm,RainToday,type
33.9,46.8,278.4,44.0,14.2,124.0,67.0,61.0,100.0,100.0,1039.0,1036.7,8.0,8.0,38.3,46.1,,,,,max
-5.9,-1.0,0.0,0.0,0.0,9.0,0.0,0.0,5.0,2.0,984.6,984.0,0.0,0.0,-3.6,-2.5,,,,,min
8.2,18.9,0.0,3.2,5.5,30.0,7.0,11.0,57.0,36.0,1012.7,1010.2,1.0,2.0,12.9,17.6,,,,,q3
17.5,28.8,0.4,7.8,11.0,46.0,19.0,24.0,84.0,65.0,1023.7,1021.2,7.0,7.0,21.8,27.0,,,,,q1
161.0,125.0,160.0,4475.0,4809.0,1072.0,143.0,305.0,219.0,475.0,872.0,874.0,3471.0,3889.0,130.0,400.0,1073.0,713.0,354.0,160.0,na
0.016603073115396515,0.012890584716922759,0.016499948437661133,0.4614829328658348,0.4959265752294524,0.11054965453232958,0.014746828916159638,0.03145302670929153,0.022584304424048674,0.04898422192430649,0.08992471898525317,0.09013096834072394,0.3579457564195112,0.4010518717129009,0.01340620810559967,0.04124987109415283,0.11065277921006497,0.07352789522532742,0.03650613591832526,0.016499948437661133,na%
