{"timestamp": "2025-05-22T15:01:57.059665", "best_score": 0.6740889639508211, "best_params": {"model__n_neighbors": 7}}