{"timestamp": "2025-04-11T05:16:38.206317", "best_score": 0.6727256878882272, "best_params": {"model__n_neighbors": 5}}